{"cameraMode":{"drawMode":0,"name":"Shaded","section":"Shading Mode"},"sceneLighting":false,"audioPlay":false,"sceneViewState":{"showFog":true,"showMaterialUpdate":false,"showSkybox":false,"showFlares":true,"showImageEffects":true,"showParticleSystems":true},"in2DMode":false,"pivot":{"x":8.97690486907959,"y":-18.160114288330079,"z":18.602275848388673},"rotation":{"x":-0.33221015334129336,"y":-0.6300806999206543,"z":0.3411400318145752,"w":-0.6136623620986939},"size":36.55550765991211,"orthographic":false}