{"cameraMode":{"drawMode":0,"name":"Shaded","section":"Shading Mode"},"sceneLighting":true,"audioPlay":false,"sceneViewState":{"showFog":true,"showMaterialUpdate":false,"showSkybox":true,"showFlares":true,"showImageEffects":true,"showParticleSystems":true},"in2DMode":false,"pivot":{"x":18.810279846191408,"y":0.4846916198730469,"z":-20.353384017944337},"rotation":{"x":0.3234662115573883,"y":-0.07145889848470688,"z":0.024429894983768464,"w":0.9433841109275818},"size":8.873995780944825,"orthographic":false}